{
  "exam": "CompTIA Security+",
  "description": "A starter, hardcoded learning path for Security+ domains. Navigate through domains, topics, and pages, then take topic quizzes.",
  "domains": [
    {
      "id": "Threats, Attacks, and Vulnerabilities",
      "title": "Threats, Attacks, and Vulnerabilities",
      "order": 1
    },
    {
      "id": "Architecture and Design",
      "title": "Architecture and Design",
      "order": 2
    }
  ],
  "studyTips": [
    "Read the topic once for gist, then again to pick out definitions and examples.",
    "After each quiz, revisit only the paragraphs tied to the questions you missed.",
    "Aim to explain each concept in one sentence, then expand with one concrete example."
  ]
}
