{
  "topicId": "topic1",
  "topicName": "Threats, Attacks, and Vulnerabilities",
  "questions": [
    {
      "question": "Which term BEST describes a weakness that can be exploited by an attacker?",
      "options": [
        "Threat",
        "Vulnerability",
        "Control",
        "Asset"
      ],
      "correct": 1,
      "explanation": "A vulnerability is a weakness (bug, misconfiguration, missing patch) that can be exploited."
    },
    {
      "question": "A user receives an email urging them to 'verify their password' via a link to a fake login page. What attack is this?",
      "options": [
        "Vishing",
        "Phishing",
        "Tailgating",
        "Shoulder surfing"
      ],
      "correct": 1,
      "explanation": "Phishing commonly uses email + fraudulent links to steal credentials."
    },
    {
      "question": "Which malware type typically encrypts a victim’s files and demands payment for decryption?",
      "options": [
        "Spyware",
        "Ransomware",
        "Worm",
        "Adware"
      ],
      "correct": 1,
      "explanation": "Ransomware encrypts data and demands payment, often via cryptocurrency."
    },
    {
      "question": "SQL injection primarily targets which component?",
      "options": [
        "A database through an application’s input handling",
        "A network switch’s MAC address table",
        "A TLS certificate authority",
        "A disk’s boot sector"
      ],
      "correct": 0,
      "explanation": "SQL injection abuses unsanitized input so the app runs attacker-supplied SQL against the database."
    },
    {
      "question": "Which control is MOST effective at reducing the blast radius if one workstation is compromised?",
      "options": [
        "Disable all logging",
        "Network segmentation",
        "Use longer hostnames",
        "Turn off patches to avoid reboots"
      ],
      "correct": 1,
      "explanation": "Segmentation limits lateral movement by separating systems into smaller trust zones."
    }
  ]
}