{
  "title": "Core Design Ideas",
  "blocks": [
    {
      "type": "heading",
      "text": "Core design ideas"
    },
    {
      "type": "paragraph",
      "text": "Effective security architecture is built on fundamental principles:"
    },
    {
      "type": "list",
      "ordered": false,
      "items": [
        "Defense in depth: multiple layers of controls so one failure is not fatal.",
        "Segmentation: separate networks/workloads to limit lateral movement.",
        "Least privilege: users/services get only the access they need.",
        "Secure defaults: deny-by-default, explicit allow rules, safe configurations."
      ]
    }
  ]
}

