{
  "title": "Network Zones",
  "blocks": [
    {
      "type": "heading",
      "text": "Common network zones"
    },
    {
      "type": "paragraph",
      "text": "Network segmentation creates isolated zones with different trust levels:"
    },
    {
      "type": "list",
      "ordered": false,
      "items": [
        "LAN: internal network for trusted devices.",
        "DMZ (Demilitarized Zone): buffer network hosting public-facing services (e.g., web).",
        "Guest/IoT networks: isolated segments for untrusted or low-trust devices."
      ]
    }
  ]
}

