{
  "id": "mitigations",
  "title": "Typical mitigations (high level)",
  "content": [
    {
      "type": "paragraph",
      "text": "Effective security requires multiple layers of defense. Common mitigation strategies include:"
    },
    {
      "type": "list",
      "ordered": false,
      "items": [
        "Patch management and secure configuration baselines.",
        "Least privilege, MFA (Multi-Factor Authentication), and strong identity controls.",
        "Network segmentation, firewalls, and monitoring/alerting.",
        "User training to reduce phishing/social engineering success."
      ]
    }
  ]
}

