{
  "title": "Availability and Resilience",
  "blocks": [
    {
      "type": "heading",
      "text": "Availability and resilience (concepts)"
    },
    {
      "type": "paragraph",
      "text": "System resilience ensures continuity even when components fail:"
    },
    {
      "type": "list",
      "ordered": false,
      "items": [
        "Redundancy: multiple components so one failure does not take you down.",
        "Backups: copies of data for recovery; test restores, not just backup jobs.",
        "BCP/DR: Business Continuity Planning / Disaster Recovery for major outages."
      ]
    }
  ]
}

